url,filename,number,sprite,deadCode1,deadCode2,deadCode3,deadCode4,deadCode5
https://scratch.mit.edu/projects/947905388/editor/,https://scratch.mit.edu/projects/947905388/editor/,58,Rocket HitBox,set [ v] effect to (),set [ v] to (),N/A,N/A,N/A
https://scratch.mit.edu/projects/947905388/editor/,https://scratch.mit.edu/projects/947905388/editor/,58,Rocket Looks,if <> then,if <> then,set [ v] to (),forever,set [ v] to ()
https://scratch.mit.edu/projects/947905388/editor/,https://scratch.mit.edu/projects/947905388/editor/,58,Coin,<> and <>,forever,forever,stop [ v],() - ()
https://scratch.mit.edu/projects/947905388/editor/,https://scratch.mit.edu/projects/947905388/editor/,58,Obstacle Hitbox,set [ v] to (),set [ v] effect to (),set [ v] effect to (),N/A,N/A
https://scratch.mit.edu/projects/947905388/editor/,https://scratch.mit.edu/projects/947905388/editor/,58,Robotic Hands,go [ v] () layers,N/A,N/A,N/A,N/A
https://scratch.mit.edu/projects/947905388/editor/,https://scratch.mit.edu/projects/947905388/editor/,58,Moving Moon,go [ v] () layers,N/A,N/A,N/A,N/A
https://scratch.mit.edu/projects/947905388/editor/,https://scratch.mit.edu/projects/947905388/editor/,58,Level Effect,go [ v] () layers,N/A,N/A,N/A,N/A
https://scratch.mit.edu/projects/947905388/editor/,https://scratch.mit.edu/projects/947905388/editor/,58,Coin Flip,change [ v] by (),go to [ v] layer,go [ v] () layers,change [ v] by (),N/A
https://scratch.mit.edu/projects/947905388/editor/,https://scratch.mit.edu/projects/947905388/editor/,58,Instructions,go [ v] () layers,go [ v] () layers,N/A,N/A,N/A
https://scratch.mit.edu/projects/947905388/editor/,https://scratch.mit.edu/projects/947905388/editor/,58,Saturn's  Rings,go [ v] () layers,N/A,N/A,N/A,N/A
https://scratch.mit.edu/projects/947905388/editor/,https://scratch.mit.edu/projects/947905388/editor/,58,Background Overlay,go [ v] () layers,go to [ v] layer,go [ v] () layers,x position,y position
https://scratch.mit.edu/projects/947905388/editor/,https://scratch.mit.edu/projects/947905388/editor/,58,Fog,go [ v] () layers,N/A,N/A,N/A,N/A
https://scratch.mit.edu/projects/947905388/editor/,https://scratch.mit.edu/projects/947905388/editor/,58,Level Number,go [ v] () layers,N/A,N/A,N/A,N/A
https://scratch.mit.edu/projects/947905388/editor/,https://scratch.mit.edu/projects/947905388/editor/,58,Wind,go [ v] () layers,N/A,N/A,N/A,N/A
https://scratch.mit.edu/projects/947905388/editor/,https://scratch.mit.edu/projects/947905388/editor/,58,Fire Wall Look,go [ v] () layers,N/A,N/A,N/A,N/A
https://scratch.mit.edu/projects/947905388/editor/,https://scratch.mit.edu/projects/947905388/editor/,58,Thumbnail,forever,forever,N/A,N/A,N/A
https://scratch.mit.edu/projects/947905388/editor/,https://scratch.mit.edu/projects/947905388/editor/,58,Booster Looks,go to x: () y: (),N/A,N/A,N/A,N/A
https://scratch.mit.edu/projects/947905388/editor/,https://scratch.mit.edu/projects/947905388/editor/,58,Coin Counter,go [ v] () layers,N/A,N/A,N/A,N/A
https://scratch.mit.edu/projects/947905388/editor/,https://scratch.mit.edu/projects/947905388/editor/,58,Key,set [ v] to (),go [ v] () layers,N/A,N/A,N/A
https://scratch.mit.edu/projects/947905388/editor/,https://scratch.mit.edu/projects/947905388/editor/,58,Starting Buttons,go to [ v] layer,N/A,N/A,N/A,N/A
https://scratch.mit.edu/projects/947905388/editor/,https://scratch.mit.edu/projects/947905388/editor/,58,Background Menu,go [ v] () layers,repeat (),repeat (),N/A,N/A
https://scratch.mit.edu/projects/947905388/editor/,https://scratch.mit.edu/projects/947905388/editor/,58,Level Buttons,repeat (),wait until <>,() = (),N/A,N/A
https://scratch.mit.edu/projects/947905388/editor/,https://scratch.mit.edu/projects/947905388/editor/,58,Level Select Buttons,when I start as a clone,N/A,N/A,N/A,N/A
https://scratch.mit.edu/projects/947905388/editor/,https://scratch.mit.edu/projects/947905388/editor/,58,BH looks,repeat (),N/A,N/A,N/A,N/A
https://scratch.mit.edu/projects/947905388/editor/,https://scratch.mit.edu/projects/947905388/editor/,58,Pause Menu,stop [ v],wait () seconds,go to [ v] layer,N/A,N/A
https://scratch.mit.edu/projects/947905388/editor/,https://scratch.mit.edu/projects/947905388/editor/,58,Paused Buttons,wait () seconds,set [ v] to (),N/A,N/A,N/A
https://scratch.mit.edu/projects/947905388/editor/,https://scratch.mit.edu/projects/947905388/editor/,58,Settings Buttons,when I start as a clone,N/A,N/A,N/A,N/A
https://scratch.mit.edu/projects/947905388/editor/,https://scratch.mit.edu/projects/947905388/editor/,58,Trophy buttons,if <> then,if <> then,N/A,N/A,N/A
https://scratch.mit.edu/projects/947905388/editor/,https://scratch.mit.edu/projects/947905388/editor/,58,Achievement Message,switch costume to ( v),N/A,N/A,N/A,N/A
https://scratch.mit.edu/projects/947905388/editor/,https://scratch.mit.edu/projects/947905388/editor/,58,Rocket HitBox,set [ v] effect to (),set [ v] to (),N/A,N/A,N/A
https://scratch.mit.edu/projects/947905388/editor/,https://scratch.mit.edu/projects/947905388/editor/,58,Rocket Looks,if <> then,if <> then,set [ v] to (),forever,set [ v] to ()
https://scratch.mit.edu/projects/947905388/editor/,https://scratch.mit.edu/projects/947905388/editor/,58,Coin,<> and <>,forever,forever,stop [ v],() - ()
https://scratch.mit.edu/projects/947905388/editor/,https://scratch.mit.edu/projects/947905388/editor/,58,Obstacle Hitbox,set [ v] to (),set [ v] effect to (),set [ v] effect to (),N/A,N/A
https://scratch.mit.edu/projects/947905388/editor/,https://scratch.mit.edu/projects/947905388/editor/,58,Robotic Hands,go [ v] () layers,N/A,N/A,N/A,N/A
https://scratch.mit.edu/projects/947905388/editor/,https://scratch.mit.edu/projects/947905388/editor/,58,Moving Moon,go [ v] () layers,N/A,N/A,N/A,N/A
https://scratch.mit.edu/projects/947905388/editor/,https://scratch.mit.edu/projects/947905388/editor/,58,Level Effect,go [ v] () layers,N/A,N/A,N/A,N/A
https://scratch.mit.edu/projects/947905388/editor/,https://scratch.mit.edu/projects/947905388/editor/,58,Coin Flip,change [ v] by (),go to [ v] layer,go [ v] () layers,change [ v] by (),N/A
https://scratch.mit.edu/projects/947905388/editor/,https://scratch.mit.edu/projects/947905388/editor/,58,Instructions,go [ v] () layers,go [ v] () layers,N/A,N/A,N/A
https://scratch.mit.edu/projects/947905388/editor/,https://scratch.mit.edu/projects/947905388/editor/,58,Saturn's  Rings,go [ v] () layers,N/A,N/A,N/A,N/A
https://scratch.mit.edu/projects/947905388/editor/,https://scratch.mit.edu/projects/947905388/editor/,58,Background Overlay,go [ v] () layers,go to [ v] layer,go [ v] () layers,x position,y position
https://scratch.mit.edu/projects/947905388/editor/,https://scratch.mit.edu/projects/947905388/editor/,58,Fog,go [ v] () layers,N/A,N/A,N/A,N/A
https://scratch.mit.edu/projects/947905388/editor/,https://scratch.mit.edu/projects/947905388/editor/,58,Level Number,go [ v] () layers,N/A,N/A,N/A,N/A
https://scratch.mit.edu/projects/947905388/editor/,https://scratch.mit.edu/projects/947905388/editor/,58,Wind,go [ v] () layers,N/A,N/A,N/A,N/A
https://scratch.mit.edu/projects/947905388/editor/,https://scratch.mit.edu/projects/947905388/editor/,58,Fire Wall Look,go [ v] () layers,N/A,N/A,N/A,N/A
https://scratch.mit.edu/projects/947905388/editor/,https://scratch.mit.edu/projects/947905388/editor/,58,Thumbnail,forever,forever,N/A,N/A,N/A
https://scratch.mit.edu/projects/947905388/editor/,https://scratch.mit.edu/projects/947905388/editor/,58,Booster Looks,go to x: () y: (),N/A,N/A,N/A,N/A
https://scratch.mit.edu/projects/947905388/editor/,https://scratch.mit.edu/projects/947905388/editor/,58,Coin Counter,go [ v] () layers,N/A,N/A,N/A,N/A
https://scratch.mit.edu/projects/947905388/editor/,https://scratch.mit.edu/projects/947905388/editor/,58,Key,set [ v] to (),go [ v] () layers,N/A,N/A,N/A
https://scratch.mit.edu/projects/947905388/editor/,https://scratch.mit.edu/projects/947905388/editor/,58,Starting Buttons,go to [ v] layer,N/A,N/A,N/A,N/A
https://scratch.mit.edu/projects/947905388/editor/,https://scratch.mit.edu/projects/947905388/editor/,58,Background Menu,go [ v] () layers,repeat (),repeat (),N/A,N/A
https://scratch.mit.edu/projects/947905388/editor/,https://scratch.mit.edu/projects/947905388/editor/,58,Level Buttons,repeat (),wait until <>,() = (),N/A,N/A
https://scratch.mit.edu/projects/947905388/editor/,https://scratch.mit.edu/projects/947905388/editor/,58,Level Select Buttons,when I start as a clone,N/A,N/A,N/A,N/A
https://scratch.mit.edu/projects/947905388/editor/,https://scratch.mit.edu/projects/947905388/editor/,58,BH looks,repeat (),N/A,N/A,N/A,N/A
https://scratch.mit.edu/projects/947905388/editor/,https://scratch.mit.edu/projects/947905388/editor/,58,Pause Menu,stop [ v],wait () seconds,go to [ v] layer,N/A,N/A
https://scratch.mit.edu/projects/947905388/editor/,https://scratch.mit.edu/projects/947905388/editor/,58,Paused Buttons,wait () seconds,set [ v] to (),N/A,N/A,N/A
https://scratch.mit.edu/projects/947905388/editor/,https://scratch.mit.edu/projects/947905388/editor/,58,Settings Buttons,when I start as a clone,N/A,N/A,N/A,N/A
https://scratch.mit.edu/projects/947905388/editor/,https://scratch.mit.edu/projects/947905388/editor/,58,Trophy buttons,if <> then,if <> then,N/A,N/A,N/A
https://scratch.mit.edu/projects/947905388/editor/,https://scratch.mit.edu/projects/947905388/editor/,58,Achievement Message,switch costume to ( v),N/A,N/A,N/A,N/A
https://scratch.mit.edu/projects/947905388/editor/,https://scratch.mit.edu/projects/947905388/editor/,58,Rocket HitBox,set [ v] effect to (),set [ v] to (),N/A,N/A,N/A
https://scratch.mit.edu/projects/947905388/editor/,https://scratch.mit.edu/projects/947905388/editor/,58,Rocket Looks,if <> then,if <> then,set [ v] to (),forever,set [ v] to ()
https://scratch.mit.edu/projects/947905388/editor/,https://scratch.mit.edu/projects/947905388/editor/,58,Coin,<> and <>,forever,forever,stop [ v],() - ()
https://scratch.mit.edu/projects/947905388/editor/,https://scratch.mit.edu/projects/947905388/editor/,58,Obstacle Hitbox,set [ v] to (),set [ v] effect to (),set [ v] effect to (),N/A,N/A
https://scratch.mit.edu/projects/947905388/editor/,https://scratch.mit.edu/projects/947905388/editor/,58,Robotic Hands,go [ v] () layers,N/A,N/A,N/A,N/A
https://scratch.mit.edu/projects/947905388/editor/,https://scratch.mit.edu/projects/947905388/editor/,58,Moving Moon,go [ v] () layers,N/A,N/A,N/A,N/A
https://scratch.mit.edu/projects/947905388/editor/,https://scratch.mit.edu/projects/947905388/editor/,58,Level Effect,go [ v] () layers,N/A,N/A,N/A,N/A
https://scratch.mit.edu/projects/947905388/editor/,https://scratch.mit.edu/projects/947905388/editor/,58,Coin Flip,change [ v] by (),go to [ v] layer,go [ v] () layers,change [ v] by (),N/A
https://scratch.mit.edu/projects/947905388/editor/,https://scratch.mit.edu/projects/947905388/editor/,58,Instructions,go [ v] () layers,go [ v] () layers,N/A,N/A,N/A
https://scratch.mit.edu/projects/947905388/editor/,https://scratch.mit.edu/projects/947905388/editor/,58,Saturn's  Rings,go [ v] () layers,N/A,N/A,N/A,N/A
https://scratch.mit.edu/projects/947905388/editor/,https://scratch.mit.edu/projects/947905388/editor/,58,Background Overlay,go [ v] () layers,go to [ v] layer,go [ v] () layers,x position,y position
https://scratch.mit.edu/projects/947905388/editor/,https://scratch.mit.edu/projects/947905388/editor/,58,Fog,go [ v] () layers,N/A,N/A,N/A,N/A
https://scratch.mit.edu/projects/947905388/editor/,https://scratch.mit.edu/projects/947905388/editor/,58,Level Number,go [ v] () layers,N/A,N/A,N/A,N/A
https://scratch.mit.edu/projects/947905388/editor/,https://scratch.mit.edu/projects/947905388/editor/,58,Wind,go [ v] () layers,N/A,N/A,N/A,N/A
https://scratch.mit.edu/projects/947905388/editor/,https://scratch.mit.edu/projects/947905388/editor/,58,Fire Wall Look,go [ v] () layers,N/A,N/A,N/A,N/A
https://scratch.mit.edu/projects/947905388/editor/,https://scratch.mit.edu/projects/947905388/editor/,58,Thumbnail,forever,forever,N/A,N/A,N/A
https://scratch.mit.edu/projects/947905388/editor/,https://scratch.mit.edu/projects/947905388/editor/,58,Booster Looks,go to x: () y: (),N/A,N/A,N/A,N/A
https://scratch.mit.edu/projects/947905388/editor/,https://scratch.mit.edu/projects/947905388/editor/,58,Coin Counter,go [ v] () layers,N/A,N/A,N/A,N/A
https://scratch.mit.edu/projects/947905388/editor/,https://scratch.mit.edu/projects/947905388/editor/,58,Key,set [ v] to (),go [ v] () layers,N/A,N/A,N/A
https://scratch.mit.edu/projects/947905388/editor/,https://scratch.mit.edu/projects/947905388/editor/,58,Starting Buttons,go to [ v] layer,N/A,N/A,N/A,N/A
https://scratch.mit.edu/projects/947905388/editor/,https://scratch.mit.edu/projects/947905388/editor/,58,Background Menu,go [ v] () layers,repeat (),repeat (),N/A,N/A
https://scratch.mit.edu/projects/947905388/editor/,https://scratch.mit.edu/projects/947905388/editor/,58,Level Buttons,repeat (),wait until <>,() = (),N/A,N/A
https://scratch.mit.edu/projects/947905388/editor/,https://scratch.mit.edu/projects/947905388/editor/,58,Level Select Buttons,when I start as a clone,N/A,N/A,N/A,N/A
https://scratch.mit.edu/projects/947905388/editor/,https://scratch.mit.edu/projects/947905388/editor/,58,BH looks,repeat (),N/A,N/A,N/A,N/A
https://scratch.mit.edu/projects/947905388/editor/,https://scratch.mit.edu/projects/947905388/editor/,58,Pause Menu,stop [ v],wait () seconds,go to [ v] layer,N/A,N/A
https://scratch.mit.edu/projects/947905388/editor/,https://scratch.mit.edu/projects/947905388/editor/,58,Paused Buttons,wait () seconds,set [ v] to (),N/A,N/A,N/A
https://scratch.mit.edu/projects/947905388/editor/,https://scratch.mit.edu/projects/947905388/editor/,58,Settings Buttons,when I start as a clone,N/A,N/A,N/A,N/A
https://scratch.mit.edu/projects/947905388/editor/,https://scratch.mit.edu/projects/947905388/editor/,58,Trophy buttons,if <> then,if <> then,N/A,N/A,N/A
https://scratch.mit.edu/projects/947905388/editor/,https://scratch.mit.edu/projects/947905388/editor/,58,Achievement Message,switch costume to ( v),N/A,N/A,N/A,N/A
